0.1.PNG.vx.png,0
0.2.PNG.vx.png,0
0.3.PNG.vx.png,0
0.4.PNG.vx.png,0
0.5.PNG.vx.png,0
1.1.PNG.vx.png,1
1.2.PNG.vx.png,1
1.3.PNG.vx.png,1
1.4.PNG.vx.png,1
1.5.PNG.vx.png,1
2.1.PNG.vx.png,2
2.2.PNG.vx.png,2
2.3.PNG.vx.png,2
2.4.PNG.vx.png,2
2.5.PNG.vx.png,2
3.1.PNG.vx.png,3
3.2.PNG.vx.png,3
3.3.PNG.vx.png,3
3.4.PNG.vx.png,3
3.5.PNG.vx.png,3
4.1.PNG.vx.png,4
4.2.PNG.vx.png,4
4.3.PNG.vx.png,4
4.4.PNG.vx.png,4
4.5.PNG.vx.png,4
5.1.PNG.vx.png,5
5.2.PNG.vx.png,5
5.3.PNG.vx.png,5
5.4.PNG.vx.png,5
5.5.PNG.vx.png,5
6.1.PNG.vx.png,6
6.2.PNG.vx.png,6
6.3.PNG.vx.png,6
6.4.PNG.vx.png,6
6.5.PNG.vx.png,6
7.1.PNG.vx.png,7
7.2.PNG.vx.png,7
7.3.PNG.vx.png,7
7.4.PNG.vx.png,7
7.5.PNG.vx.png,7
8.1.PNG.vx.png,8
8.2.PNG.vx.png,8
8.3.PNG.vx.png,8
8.4.PNG.vx.png,8
8.5.PNG.vx.png,8
9.1.PNG.vx.png,9
9.2.PNG.vx.png,9
9.3.PNG.vx.png,9
9.4.PNG.vx.png,9
9.5.PNG.vx.png,9
10.1.PNG.vx.png,10
10.2.PNG.vx.png,11
10.3.PNG.vx.png,12
10.4.PNG.vx.png,13
10.5.PNG.vx.png,14
11.1.PNG.vx.png,15
11.2.PNG.vx.png,16
11.3.PNG.vx.png,17
11.4.PNG.vx.png,18
11.5.PNG.vx.png,19
